Adyan,Yates
Emer,Browning
Darcy,Hayden
Holly,Truong
Tamika,Gomez
Phoenix,Wright
Gary,Hudson
Gabriel,Owens
Ava-Mai,Kaufman
Sofie,Rice
Meerab,Mccormack
Juliet,Wiley
Berat,Arnold
Cairon,Carpenter
Husna,Lyons
Kymani,Sellers
Shelley,Mata
Boyd,Frederick
Tudor,Davison
Kellie,Povey
Jeremiah,Leigh
Franco,Neal
Taylah,Raymond
Roxy,Esquivel
Mateusz,Leonard
Emre,Carter
Isa,Cairns
Elvis,Lutz
Adina,Suarez
Jordan-Lee,Potter
Kieron,Hirst
Dayna,Garrison
Nora,Kinney
Mackenzie,Aldred
Zaydan,Norman
Alys,Porter
Ianis,Kerr
Ilayda,Bailey
Jamie,Gross
Camron,Mendoza
Abel,Redman
Rhiana,Hughes
Fathima,Brennan
Iwan,Correa
Tariq,Whitney
Komal,Cash
Tiago,Draper
Woody,Clemons
Hajra,Gibbs
Beau,Glover
Rayyan,Colley
Caroline,Morley
Ishmael,Livingston
Olly,Decker
Kaeden,Herman
Kit,Collins
Faisal,Nash
Aida,Jordan
Montana,Archer
Aoife,Melton
Priya,Aguirre
Clarence,Emery
King,Mora
Reiss,Garza
Zahrah,Naylor
Lena,George
Aneeka,Ahmed
Irfan,Blanchard
Lincoln,Trujillo
Amna,Hardin
Skyla,Lennon
Frances,Stevens
Kelly,Calderon
Rhea,Lin
Madeeha,Howarth
Charity,Carlson
Macy,Langley
Dale,Good
Sila,Harmon
Haaris,Lyon
Gurdeep,Haney
Kylo,Chang
Susanna,Salgado
Saffa,Rennie
Rudra,Talbot
Sayed,Hunter
Rio,Boyd
Lewis,Justice
Tiffany,Mccall
Adaline,Petersen
Maddison,Howell
Jacques,Whitehouse
Haydon,Beech
Suranne,Haynes
Clarissa,Delarosa
Amman,Allen
Kyla,Walton
Keavy,Murphy
Vera,Massey
Fiona,Munro
